priority,url,title
1,/game/world-of-warcraft/gold,Buy World of Warcraft Gold Safely
1,/game/world-of-warcraft/accounts,Buy World of Warcraft Accounts Safely
1,/game/osrs/gold,Buy OSRS Gold Safely
1,/game/osrs/accounts,Buy OSRS Accounts Safely
1,/game/albion-online/silver,Buy Albion Online Silver Safely
1,/game/albion-online/accounts,Buy Albion Online Accounts Safely
1,/game/valorant/accounts,Buy Valorant Accounts Safely
1,/game/valorant/points,Buy Valorant Points Safely
1,/game/counter-strike-2/skins,Buy CS2 Skins Safely
1,/game/counter-strike-2/accounts,Buy CS2 Accounts Safely
1,/game/fortnite/accounts,Buy Fortnite Accounts Safely
1,/game/fortnite/v-bucks,Buy Fortnite V-Bucks Safely
1,/game/roblox/items,Buy Roblox Items Safely
1,/game/roblox/robux,Buy Robux Safely
1,/game/genshin-impact/accounts,Buy Genshin Impact Accounts Safely
1,/game/genshin-impact/top-up,Buy Genshin Impact Top Ups Safely
1,/game/diablo-4/gold,Buy Diablo 4 Gold Safely
1,/game/diablo-4/items,Buy Diablo 4 Items Safely
1,/game/path-of-exile/currency,Buy Path of Exile Currency Safely
1,/game/path-of-exile-2/currency,Buy Path of Exile 2 Currency Safely
1,/game/knight-online/gold-bars,Buy Knight Online Gold Bars Safely
1,/game/knight-online/accounts,Buy Knight Online Accounts Safely
1,/game/metin2/won,Buy Metin2 Won Safely
1,/game/metin2/accounts,Buy Metin2 Accounts Safely
1,/game/pubg-mobile/uc,Buy PUBG Mobile UC Safely
1,/game/pubg-mobile/accounts,Buy PUBG Mobile Accounts Safely
1,/game/mobile-legends/diamonds,Buy Mobile Legends Diamonds Safely
1,/game/mobile-legends/accounts,Buy Mobile Legends Accounts Safely
1,/game/brawl-stars/gems,Buy Brawl Stars Gems Safely
1,/game/brawl-stars/accounts,Buy Brawl Stars Accounts Safely
2,/alternatives/g2g-alternative,G2G Alternative
2,/alternatives/funpay-alternative,FunPay Alternative
2,/alternatives/playerok-alternative,Playerok Alternative
2,/alternatives/bynogame-alternative,Bynogame Alternative
2,/alternatives/z2u-alternative,Z2U Alternative
2,/alternatives/plati-market-alternative,Plati Market Alternative
2,/alternatives/yoomarket-alternative,Yoomarket Alternative
2,/alternatives/gameboost-alternative,GameBoost Alternative
2,/alternatives/gameflip-alternative,Gameflip Alternative
2,/alternatives/eldorado-alternative,Eldorado Alternative
2,/alternatives/gamermarkt-alternative,GamerMarkt Alternative
2,/alternatives/zeusx-alternative,ZeusX Alternative
2,/alternatives/igv-alternative,iGV Alternative
2,/alternatives/kaleoz-alternative,Kaleoz Alternative
2,/blog/how-to-buy-game-accounts-safely,How to Buy Game Accounts Safely
2,/blog/how-to-sell-game-accounts-low-fee,How to Sell Game Accounts with Lower Fees
2,/blog/what-is-escrow-protection-gaming-marketplace,What Is Escrow Protection in Gaming Marketplaces
2,/blog/g2g-vs-breadwarriors,G2G vs BreadWarriors
2,/blog/funpay-vs-breadwarriors,FunPay vs BreadWarriors
2,/blog/best-place-to-buy-wow-gold-safely,Best Place to Buy WoW Gold Safely
2,/blog/best-place-to-buy-osrs-gold-safely,Best Place to Buy OSRS Gold Safely
2,/blog/how-to-buy-valorant-accounts-safely,How to Buy Valorant Accounts Safely
2,/blog/how-to-sell-cs2-skins-safely,How to Sell CS2 Skins Safely
2,/blog/how-to-buy-roblox-items-safely,How to Buy Roblox Items Safely
2,/tr/oyun-pazari,Oyun Pazarı
2,/tr/oyun-hesabi-satin-al,Oyun Hesabı Satın Al
2,/tr/oyun-hesabi-sat,Oyun Hesabı Sat
2,/tr/game/knight-online/gb,Knight Online GB Satın Al
2,/tr/game/metin2/won,Metin2 Won Satın Al
2,/tr/game/valorant/vp,Valorant VP Satın Al
2,/tr/game/steam/bakiye,Steam Bakiye Satın Al
2,/ru/igrovoj-marketplejs,Игровой маркетплейс
2,/ru/kupit-igrovoj-akkaunt,Купить игровой аккаунт
2,/ru/prodat-igrovoj-akkaunt,Продать игровой аккаунт
